{"accuracy": [0.5971975326538086, 0.8596201539039612, 0.9124830961227417, 0.9393413662910461, 0.9548616409301758, 0.9646774530410767, 0.9715626835823059, 0.9763283133506775, 0.9786186814308167, 0.9805391430854797], "loss": [1.371324062347412, 0.4449942409992218, 0.26857611536979675, 0.18710020184516907, 0.13674019277095795, 0.10963201522827148, 0.08661989867687225, 0.07348757237195969, 0.06612688302993774, 0.05886667221784592], "val_accuracy": [0.8424766659736633, 0.9148645401000977, 0.936034619808197, 0.9261325001716614, 0.9410425424575806, 0.9624402523040771, 0.959822416305542, 0.9573184847831726, 0.965513288974762, 0.9683018326759338], "val_loss": [0.4915210008621216, 0.2688356041908264, 0.1983473002910614, 0.2384636402130127, 0.17697417736053467, 0.1195337325334549, 0.1308104693889618, 0.14909540116786957, 0.12465596199035645, 0.10691975802183151]}